Year,GeoCode,Value
7,2015,,37.3
8,2016,,37
9,2017,,36.1
10,2018,,35.4
20,2015,1,41.3
21,2016,1,41.5
22,2017,1,39.9
23,2018,1,39.5
33,2015,2,38.8
34,2016,2,38.9
35,2017,2,37.9
36,2018,2,37.2
46,2015,3,36.6
47,2016,3,36.2
48,2017,3,35.2
49,2018,3,34.6
59,2015,4,35.6
60,2016,4,35.6
61,2017,4,34.4
62,2018,4,34.2
72,2015,5,35.8
73,2016,5,35.5
74,2017,5,34.7
75,2018,5,33.8
85,2015,6,37.5
86,2016,6,37.4
87,2017,6,36.3
88,2018,6,36.2
98,2015,7,34.8
99,2016,7,34.7
100,2017,7,34.2
101,2018,7,33.6
111,2015,8,32.5
112,2016,8,32.1
113,2017,8,31.3
114,2018,8,30.7
124,2015,9,34
125,2016,9,33.6
126,2017,9,32.9
127,2018,9,32.2
137,2015,10,36
138,2016,10,35.7
139,2017,10,34.8
140,2018,10,34.3
150,2015,11,37.2
151,2016,11,36.8
152,2017,11,35.9
153,2018,11,35
163,2015,12,37.6
164,2016,12,37.1
165,2017,12,36.3
166,2018,12,35.5
176,2015,13,35.2
177,2016,13,35
178,2017,13,34.3
179,2018,13,34
189,2015,14,36.3
190,2016,14,35.9
191,2017,14,35
192,2018,14,33.9
202,2015,15,36.6
203,2016,15,36.4
204,2017,15,35.3
205,2018,15,34.7
215,2015,16,34.2
216,2016,16,33.8
217,2017,16,33
218,2018,16,32.6
228,2015,17,36.5
229,2016,17,36.2
230,2017,17,34.9
231,2018,17,34.8
241,2015,18,35.5
242,2016,18,34.6
243,2017,18,33.2
244,2018,18,32.7
254,2015,19,34.3
255,2016,19,34
256,2017,19,32.9
257,2018,19,32
267,2015,,37.7
268,2016,,39
269,2017,,37.2
270,2018,,33.4
280,2015,,41.9
281,2016,,39.1
282,2017,,40.3
283,2018,,41.1
293,2015,,36.9
294,2016,,38.7
295,2017,,35.3
296,2018,,36.6
306,2015,,39.5
307,2016,,39.6
308,2017,,37.8
309,2018,,38.8
319,2015,,43.6
320,2016,,43.3
321,2017,,40.9
322,2018,,45.6
332,2015,,45.6
333,2016,,45.3
334,2017,,45.2
335,2018,,45.6
345,2015,,44.7
346,2016,,45.9
347,2017,,41.7
348,2018,,43.7
358,2015,,40.2
359,2016,,39.4
360,2017,,37.6
361,2018,,38.3
371,2015,,40.6
372,2016,,38.6
373,2017,,36.8
374,2018,,35.4
384,2015,,37.3
385,2016,,36.8
386,2017,,35.3
387,2018,,32.6
397,2015,,33.9
398,2016,,33.3
399,2017,,32.4
400,2018,,31.5
410,2015,,39.3
411,2016,,38.2
412,2017,,37.6
413,2018,,34.9
423,2015,,32.5
424,2016,,33.5
425,2017,,32.9
426,2018,,30.4
436,2015,,34.6
437,2016,,31.6
438,2017,,31.2
449,2015,,39.5
450,2016,,38.8
451,2017,,36.3
452,2018,,36.4
462,2015,,36.2
463,2016,,38.4
464,2017,,35.6
465,2018,,34.4
475,2015,,38.5
476,2016,,39.6
477,2017,,35.5
478,2018,,36
488,2015,,38.8
489,2016,,36.8
490,2017,,35.7
491,2018,,35.5
501,2015,,39.1
502,2016,,38.5
503,2017,,38
504,2018,,37.5
514,2015,,41
515,2016,,41.2
516,2017,,38.5
517,2018,,37.7
527,2015,,38.7
528,2016,,39
529,2017,,37.3
530,2018,,40.3
540,2015,,41.2
541,2016,,42.3
542,2017,,41.2
543,2018,,41.7
553,2015,,43.4
554,2016,,46.7
555,2017,,42.6
556,2018,,43.2
566,2015,,38.7
567,2016,,44.6
568,2017,,40.1
569,2018,,43.2
579,2015,,37.6
580,2016,,37.1
581,2017,,37
582,2018,,34.7
592,2015,,38.2
593,2016,,36.2
594,2017,,35.9
595,2018,,35.9
605,2015,,33.3
606,2016,,34.5
607,2017,,34.4
608,2018,,32.9
618,2015,,35.8
619,2016,,34.9
620,2017,,35.8
621,2018,,34.5
631,2015,,37.2
632,2016,,36.7
633,2017,,34.4
634,2018,,32.4
644,2015,,37.8
645,2016,,37.4
646,2017,,36.3
647,2018,,35.8
657,2015,,37
658,2016,,36.4
659,2017,,35.2
660,2018,,33.5
670,2015,,33.6
671,2016,,34.3
672,2017,,35.2
673,2018,,30.3
683,2015,,37.9
684,2016,,37.8
685,2017,,35.3
686,2018,,35
696,2015,,38.2
697,2016,,36.9
698,2017,,36.8
699,2018,,35.7
709,2015,,39
710,2016,,37.4
711,2017,,35.8
712,2018,,34
722,2015,,38.8
723,2016,,38.3
724,2017,,37.6
725,2018,,35.1
735,2015,,32.7
736,2016,,33.1
737,2017,,34.7
738,2018,,31.8
748,2015,,36.3
749,2016,,36.8
750,2017,,36.8
751,2018,,34.4
761,2015,,37.9
762,2016,,38.5
763,2017,,39.3
764,2018,,37
774,2015,,38.8
775,2016,,37.4
776,2017,,35.5
777,2018,,34.5
787,2015,,32.4
788,2016,,32
789,2017,,31.4
790,2018,,29.7
800,2015,,32.2
801,2016,,33.1
802,2017,,31.1
803,2018,,32
813,2015,,31.7
814,2016,,31.7
815,2017,,31.2
816,2018,,29.6
826,2015,,35.7
827,2016,,36.8
828,2017,,36
829,2018,,34.7
839,2015,,36.9
840,2016,,35.9
841,2017,,34.4
842,2018,,35.4
852,2015,,42.6
853,2016,,40.9
854,2017,,40.9
855,2018,,36.7
865,2015,,35
866,2016,,35.4
867,2017,,35.9
868,2018,,32.5
878,2015,,34.4
879,2016,,34.5
880,2017,,33.7
881,2018,,34.4
891,2015,,41.7
892,2016,,43.3
893,2017,,42.2
894,2018,,39.7
904,2015,,44.6
905,2016,,46.7
906,2017,,44.8
907,2018,,45.6
917,2015,,37.7
918,2016,,41.7
919,2017,,45.2
920,2018,,44
930,2015,,38.4
931,2016,,38.5
932,2017,,38.7
933,2018,,38.9
943,2015,,34.1
944,2016,,35.6
945,2017,,36.2
946,2018,,40.2
956,2015,,44
957,2016,,40.2
958,2017,,40.5
959,2018,,39.4
969,2015,,39.1
970,2016,,39.9
971,2017,,37.4
972,2018,,39.7
982,2015,,36.1
983,2016,,36.4
984,2017,,34.1
985,2018,,36.7
995,2015,,36.3
996,2016,,33.4
997,2017,,34.8
998,2018,,36.3
1008,2015,,37.1
1009,2016,,34.8
1010,2017,,34.7
1011,2018,,32.9
1021,2015,,37
1022,2016,,36.9
1023,2017,,36.8
1024,2018,,35.5
1034,2015,,41.9
1035,2016,,41.3
1036,2017,,40.6
1037,2018,,38.8
1047,2015,,36.5
1048,2016,,37.2
1049,2017,,37.9
1050,2018,,35.6
1060,2015,,35.4
1061,2016,,33.8
1062,2017,,34.5
1063,2018,,32.7
1073,2015,,31.9
1074,2016,,32.5
1075,2017,,32.2
1076,2018,,32.4
1086,2015,,31.7
1087,2016,,32.5
1088,2017,,29.4
1089,2018,,29.8
1099,2015,,32.6
1100,2016,,31.1
1101,2017,,29.8
1102,2018,,30.3
1112,2015,,35
1113,2016,,36
1114,2017,,34.8
1115,2018,,33.9
1125,2015,,33.2
1126,2016,,37
1127,2017,,32.8
1128,2018,,31.5
1138,2015,,33.9
1139,2016,,34
1140,2017,,32.6
1141,2018,,31.8
1151,2015,,34.4
1152,2016,,35.7
1153,2017,,34.8
1154,2018,,34.3
1164,2015,,40.2
1165,2016,,40.7
1166,2017,,39
1167,2018,,37.5
1177,2015,,39.4
1178,2016,,37
1179,2017,,34.8
1180,2018,,33.9
1190,2015,,33
1191,2016,,35.9
1192,2017,,33.4
1193,2018,,34.8
1203,2015,,40.6
1204,2016,,41.2
1205,2017,,40.2
1206,2018,,39.8
1216,2015,,45.5
1217,2016,,45.4
1218,2017,,44.2
1219,2018,,39.7
1229,2015,,38.4
1230,2016,,38.5
1231,2017,,35.8
1242,2015,,38.8
1243,2016,,38.3
1244,2017,,37.2
1245,2018,,40.4
1255,2015,,37.6
1256,2016,,36.8
1257,2017,,34.9
1258,2018,,34.9
1268,2015,,34
1269,2016,,33.6
1270,2017,,32.5
1271,2018,,32.9
1281,2015,,38
1282,2016,,36.6
1283,2017,,34.7
1284,2018,,34.4
1294,2015,,32.4
1295,2016,,31.8
1296,2017,,30.7
1297,2018,,30.9
1307,2015,,38.2
1308,2016,,36.6
1309,2017,,35.7
1310,2018,,34.8
1320,2015,,33.7
1321,2016,,34.6
1322,2017,,34.2
1323,2018,,33.7
1333,2015,,35.4
1334,2016,,34.8
1335,2017,,33.2
1336,2018,,33
1346,2015,,32.1
1347,2016,,31.8
1348,2017,,31.5
1349,2018,,28.7
1359,2015,,33.9
1360,2016,,33.1
1361,2017,,31.9
1362,2018,,30.2
1372,2015,,41.2
1373,2016,,40.9
1374,2017,,39
1375,2018,,38.2
1385,2015,,38
1386,2016,,37.3
1387,2017,,35.3
1388,2018,,32.3
1398,2015,,34.1
1399,2016,,36.1
1400,2017,,35
1401,2018,,34.5
1411,2015,,38.4
1412,2016,,37.6
1413,2017,,36.7
1414,2018,,37.3
1424,2015,,35.1
1425,2016,,36.5
1426,2017,,37.3
1427,2018,,38.1
1437,2015,,34.7
1438,2016,,35.7
1439,2017,,33.8
1440,2018,,33.5
1450,2015,,34.5
1451,2016,,35.7
1452,2017,,34.9
1453,2018,,33
1463,2015,,38.6
1464,2016,,38.7
1465,2017,,37.5
1466,2018,,37.1
1476,2015,,37.6
1477,2016,,34.5
1478,2017,,33.9
1479,2018,,32.3
1489,2015,,38.1
1490,2016,,35.6
1491,2017,,36
1492,2018,,35.5
1502,2015,,36.5
1503,2016,,34.9
1504,2017,,34.5
1505,2018,,33.8
1515,2015,,32.7
1516,2016,,33.2
1517,2017,,31.7
1518,2018,,30.6
1528,2015,,35.5
1529,2016,,34.8
1530,2017,,34.1
1531,2018,,34.7
1541,2015,,35.9
1542,2016,,35.7
1543,2017,,35.7
1544,2018,,35.3
1554,2015,,36.2
1555,2016,,34.7
1556,2017,,34
1557,2018,,34.4
1567,2015,,35.3
1568,2016,,36.1
1569,2017,,34.4
1570,2018,,33.1
1580,2015,,31.6
1581,2016,,31.1
1582,2017,,32.2
1583,2018,,32.3
1593,2015,,34.7
1594,2016,,33.3
1595,2017,,34.2
1596,2018,,33.1
1606,2015,,35.2
1607,2016,,34.8
1608,2017,,34.9
1609,2018,,34.5
1619,2015,,33.9
1620,2016,,34.4
1621,2017,,33.9
1622,2018,,34.6
1632,2015,,32.4
1633,2016,,33.8
1634,2017,,32.5
1635,2018,,32.2
1645,2015,,35.4
1646,2016,,36.3
1647,2017,,32.9
1648,2018,,32.5
1658,2015,,32.8
1659,2016,,32.4
1660,2017,,30.8
1661,2018,,30.8
1671,2015,,31.3
1672,2016,,30.1
1673,2017,,28
1674,2018,,28.6
1684,2015,,29.6
1685,2016,,29
1686,2017,,28.3
1687,2018,,28
1697,2015,,32.1
1698,2016,,31.1
1699,2017,,29.4
1700,2018,,29
1710,2015,,37.6
1711,2016,,37.5
1712,2017,,35.3
1713,2018,,35.4
1723,2015,,40.5
1724,2016,,42.7
1725,2017,,40
1726,2018,,41.1
1736,2015,,36.7
1737,2016,,37.7
1738,2017,,37.7
1739,2018,,34.5
1749,2015,,33.6
1750,2016,,35.2
1751,2017,,34
1752,2018,,34.3
1762,2015,,33.4
1763,2016,,32.4
1764,2017,,35.1
1765,2018,,35.3
1775,2015,,40.6
1776,2016,,40.5
1777,2017,,37
1778,2018,,36.6
1788,2015,,34.9
1789,2016,,36
1790,2017,,34.3
1791,2018,,36.5
1801,2015,,33.4
1802,2016,,34.1
1803,2017,,32.2
1804,2018,,33.3
1814,2015,,33.7
1815,2016,,35.4
1816,2017,,33.7
1817,2018,,34.6
1827,2015,,33.8
1828,2016,,32.3
1829,2017,,32.6
1830,2018,,31.5
1840,2015,,33.1
1841,2016,,32.3
1842,2017,,30.6
1843,2018,,30.9
1853,2015,,30.3
1854,2016,,31.3
1855,2017,,30.3
1856,2018,,30
1866,2015,,33.5
1867,2016,,34.7
1868,2017,,33.7
1869,2018,,33.4
1879,2015,,32.7
1880,2016,,32.5
1881,2017,,32
1882,2018,,30.6
1892,2015,,34
1893,2016,,34.3
1894,2017,,32.8
1895,2018,,34.2
1905,2015,,32.6
1906,2016,,33.6
1907,2017,,33.3
1908,2018,,32.5
1918,2015,,35.2
1919,2016,,32.9
1920,2017,,32.8
1921,2018,,33
1931,2015,,35
1932,2016,,33.6
1933,2017,,32.3
1934,2018,,32.7
1944,2015,,33.5
1945,2016,,33.4
1946,2017,,33.4
1947,2018,,32.5
1957,2015,,31.3
1958,2016,,30.9
1959,2017,,29.7
1960,2018,,29
1970,2015,,30.1
1971,2016,,32.4
1972,2017,,30.5
1973,2018,,30.5
1983,2015,,34.3
1984,2016,,35.9
1985,2017,,33.9
1986,2018,,33
1996,2015,,35.9
1997,2016,,35.8
1998,2017,,33.5
1999,2018,,33.8
2009,2015,,36.5
2010,2016,,34.2
2011,2017,,33.5
2012,2018,,33.5
2022,2015,,35.8
2023,2016,,34.7
2024,2017,,34.3
2025,2018,,33.2
2035,2015,,35.9
2036,2016,,35.8
2037,2017,,34.8
2038,2018,,33.9
2048,2015,,33.2
2049,2016,,35.5
2050,2017,,33.6
2051,2018,,33.9
2061,2015,,32.6
2062,2016,,34
2063,2017,,32.6
2064,2018,,32.8
2074,2015,,35.1
2075,2016,,33.2
2076,2017,,33.9
2077,2018,,32.3
2087,2015,,35.7
2088,2016,,33
2089,2017,,32
2090,2018,,31
2100,2015,,32.8
2101,2016,,33.2
2102,2017,,33.8
2103,2018,,33.5
2113,2015,,39.2
2114,2016,,37.7
2115,2017,,36.2
2116,2018,,35.2
2126,2015,,31.9
2127,2016,,33.2
2128,2017,,32.6
2129,2018,,32.4
2139,2015,,35.4
2140,2016,,35.8
2141,2017,,36.2
2142,2018,,33
2152,2015,,39
2153,2016,,38.4
2154,2017,,35.6
2155,2018,,34.1
2165,2015,,34
2166,2016,,32.8
2167,2017,,30.9
2168,2018,,31.4
2178,2015,,43
2179,2016,,41.3
2180,2017,,39.7
2181,2018,,40.3
2191,2015,,34.8
2192,2016,,36.1
2193,2017,,34.9
2194,2018,,31.6
2204,2015,,32
2205,2016,,31.6
2206,2017,,30.3
2217,2015,,38
2218,2016,,38.1
2219,2017,,37.7
2220,2018,,37.9
2230,2015,,32.3
2231,2016,,32.1
2232,2017,,30
2233,2018,,30.2
2243,2015,,35.7
2244,2016,,35.8
2245,2017,,35.9
2246,2018,,35.6
2256,2015,,36
2257,2016,,35.6
2258,2017,,36.1
2259,2018,,35
2269,2015,,33.1
2270,2016,,33.4
2271,2017,,33.2
2272,2018,,32.1
2282,2015,,35.3
2283,2016,,34.9
2284,2017,,32.8
2285,2018,,32.1
2295,2015,,35.6
2296,2016,,36
2297,2017,,36.1
2298,2018,,36.2
2308,2015,,37.7
2309,2016,,35
2310,2017,,36
2311,2018,,35.6
2321,2015,,31.8
2322,2016,,31.4
2323,2017,,30.6
2324,2018,,29.9
2334,2015,,36.2
2335,2016,,37.6
2336,2017,,37.5
2337,2018,,35.5
2347,2015,,33.8
2348,2016,,33.6
2349,2017,,33.6
2350,2018,,33.5
2360,2015,,36.9
2361,2016,,35
2362,2017,,34.4
2363,2018,,32.6
2373,2015,,33.9
2374,2016,,35.1
2375,2017,,33.4
2376,2018,,31.5
2386,2015,,34
2387,2016,,33.5
2388,2017,,33.3
2389,2018,,33.1
2399,2015,,31.9
2400,2016,,31.1
2401,2017,,30.2
2402,2018,,29.5
2412,2015,,34.7
2413,2016,,33.8
2414,2017,,32.4
2415,2018,,31.4
2425,2015,,34
2426,2016,,34.4
2427,2017,,32.9
2428,2018,,31.1
2438,2015,,31.1
2439,2016,,30.5
2440,2017,,31.2
2441,2018,,29.9
2451,2015,,39.2
2452,2016,,38.2
2453,2017,,36.4
2454,2018,,37.9
2464,2015,,32.5
2465,2016,,32.7
2466,2017,,31.9
2467,2018,,30.3
2477,2015,,40.7
2478,2016,,40.5
2479,2017,,40.5
2480,2018,,37.2
2490,2015,,36.4
2491,2016,,36.4
2492,2017,,35
2493,2018,,33.6
2503,2015,,38.3
2504,2016,,38.3
2505,2017,,39.2
2506,2018,,38.8
2516,2015,,41.6
2517,2016,,39.1
2518,2017,,37.6
2519,2018,,38.8
2529,2015,,35.9
2530,2016,,34.5
2531,2017,,33.6
2532,2018,,33.1
2542,2015,,37.3
2543,2016,,37.6
2544,2017,,38.1
2545,2018,,36.2
2555,2015,,40.2
2556,2016,,40.7
2557,2017,,40.5
2558,2018,,40
2568,2015,,45.2
2569,2016,,44.3
2570,2017,,41
2571,2018,,41.9
2581,2015,,37.6
2582,2016,,37.2
2583,2017,,35.3
2584,2018,,35.7
2594,2015,,36.5
2595,2016,,38.1
2596,2017,,35.4
2597,2018,,37
2607,2015,,35.7
2608,2016,,34.3
2609,2017,,34.4
2610,2018,,33.4
2620,2015,,37.3
2621,2016,,37.5
2622,2017,,35.9
2623,2018,,37
2633,2015,,33.2
2634,2016,,33.6
2635,2017,,33.3
2636,2018,,32.5
2646,2015,,33.3
2647,2016,,38.7
2648,2017,,32.9
2649,2018,,36.6
2659,2015,,42.9
2660,2016,,40.7
2661,2017,,41.1
2662,2018,,40.5
2672,2015,,31.4
2673,2016,,32.6
2674,2017,,30.7
2685,2015,,33.4
2686,2016,,33.2
2687,2017,,32
2688,2018,,33.7
2698,2015,,32.6
2699,2016,,33.1
2700,2017,,31.5
2701,2018,,30.3
2711,2015,,32
2712,2016,,33.1
2713,2017,,30.6
2714,2018,,32.1
2724,2015,,33.1
2725,2016,,33.5
2726,2017,,31.9
2727,2018,,30.6
2737,2015,,31.8
2738,2016,,32.2
2739,2017,,31.2
2740,2018,,31.3
2750,2015,,33.9
2751,2016,,32.7
2752,2017,,31.2
2753,2018,,30
2763,2015,,34.2
2764,2016,,35.3
2765,2017,,33.5
2766,2018,,33.3
2776,2015,,33.5
2777,2016,,33.1
2778,2017,,33.1
2779,2018,,32.6
2789,2015,,35.9
2790,2016,,36
2791,2017,,34.9
2792,2018,,34.1
2802,2015,,32.1
2803,2016,,32.3
2804,2017,,33.2
2805,2018,,31.6
2815,2015,,33.9
2816,2016,,35.7
2817,2017,,33
2818,2018,,32.9
2828,2015,,35.9
2829,2016,,35
2830,2017,,35.4
2831,2018,,32
2841,2015,,34.2
2842,2016,,35.8
2843,2017,,35.5
2844,2018,,34
2854,2015,,33.6
2855,2016,,32.8
2856,2017,,34.7
2857,2018,,35.2
2867,2015,,36
2868,2016,,35.6
2869,2017,,34.8
2870,2018,,35.4
2880,2015,,32.7
2881,2016,,33.6
2882,2017,,34.1
2883,2018,,33.8
2893,2015,,35.6
2894,2016,,34.8
2895,2017,,35.5
2896,2018,,34.4
2906,2015,,31.3
2907,2016,,30
2908,2017,,30.3
2909,2018,,29.3
2919,2015,,30.3
2920,2016,,29.9
2921,2017,,30.4
2922,2018,,29.7
2932,2015,,35
2933,2016,,35
2934,2017,,33.6
2935,2018,,32.2
2945,2015,,32.8
2946,2016,,33.2
2947,2017,,32.6
2948,2018,,31.4
2958,2015,,33.2
2959,2016,,33.3
2960,2017,,32.7
2961,2018,,32.1
2971,2015,,36
2972,2016,,35.6
2973,2017,,34.4
2974,2018,,33.9
2984,2015,,34.2
2985,2016,,33.1
2986,2017,,33.2
2987,2018,,32.6
2997,2015,,32.4
2998,2016,,31.6
2999,2017,,31.1
3000,2018,,30.7
3010,2015,,29.4
3011,2016,,28.7
3012,2017,,28.5
3013,2018,,28.3
3023,2015,,32.5
3024,2016,,31.2
3025,2017,,31.4
3026,2018,,30.4
3036,2015,,32
3037,2016,,33.9
3038,2017,,33.9
3039,2018,,31.5
3049,2015,,35.4
3050,2016,,34.2
3051,2017,,32.9
3052,2018,,32.1
3062,2015,,32.9
3063,2016,,34.2
3064,2017,,32
3065,2018,,31.8
3075,2015,,34.9
3076,2016,,36.9
3077,2017,,35.7
3078,2018,,35.6
3088,2015,,36.4
3089,2016,,34.6
3090,2017,,34.7
3091,2018,,32.6
3101,2015,,35.3
3102,2016,,34.5
3103,2017,,32.5
3104,2018,,32.9
3114,2015,,35.8
3115,2016,,35
3116,2017,,34.8
3117,2018,,34.2
3127,2015,,28.2
3128,2016,,27.7
3129,2017,,28.4
3130,2018,,28
3140,2015,,29.6
3141,2016,,29.9
3142,2017,,28
3143,2018,,28.7
3153,2015,,37.2
3154,2016,,37.4
3155,2017,,37.2
3156,2018,,34.7
3166,2015,,36.6
3167,2016,,37.1
3168,2017,,37.6
3169,2018,,36.6
3179,2015,,30.3
3180,2016,,29.7
3181,2017,,28.2
3182,2018,,27.8
3192,2015,,31.8
3193,2016,,32.6
3194,2017,,32
3195,2018,,30
3205,2015,,33.1
3206,2016,,32.8
3207,2017,,32.5
3208,2018,,32.4
3218,2015,,30.6
3219,2016,,30.7
3220,2017,,28.7
3221,2018,,29.6
3231,2015,,39.3
3232,2016,,38.8
3233,2017,,35.7
3234,2018,,35.7
3244,2015,,32.7
3245,2016,,30.9
3246,2017,,32.6
3247,2018,,29.9
3257,2015,,33.9
3258,2016,,33.4
3259,2017,,31.1
3260,2018,,29.7
3270,2015,,35.8
3271,2016,,34.4
3272,2017,,34.3
3273,2018,,33.8
3283,2015,,33.4
3284,2016,,33.5
3285,2017,,31.2
3286,2018,,31.8
3296,2015,,35.5
3297,2016,,37.1
3298,2017,,38
3299,2018,,36.8
3309,2015,,35.7
3310,2016,,34.1
3311,2017,,33.6
3312,2018,,34.3
3322,2015,,34.8
3323,2016,,33.9
3324,2017,,33.8
3325,2018,,34.3
3335,2015,,36.1
3336,2016,,33.6
3337,2017,,33.7
3338,2018,,33.7
3348,2015,,35.4
3349,2016,,35.1
3350,2017,,33.4
3351,2018,,32.9
3361,2015,,32.2
3362,2016,,30.4
3363,2017,,31.6
3364,2018,,29.2
3374,2015,,32.6
3375,2016,,31.3
3376,2017,,32.3
3377,2018,,31.4
3387,2015,,32
3388,2016,,31.8
3389,2017,,31
3390,2018,,30.9
3400,2015,,33.8
3401,2016,,32.1
3402,2017,,33.1
3403,2018,,33
3413,2015,,31.8
3414,2016,,33.9
3415,2017,,31.5
3416,2018,,29.7
3426,2015,,33
3427,2016,,31.6
3428,2017,,31.8
3429,2018,,31.1
3439,2015,,31
3440,2016,,30.6
3441,2017,,30
3442,2018,,29.3
3452,2015,,29.1
3453,2016,,28.9
3454,2017,,27.9
3455,2018,,27.7
3465,2015,,29.4
3466,2016,,29.3
3467,2017,,27.9
3468,2018,,27.6
3478,2015,,29
3479,2016,,28.9
3480,2017,,29
3481,2018,,28.5
3491,2015,,28.6
3492,2016,,31.1
3493,2017,,29.1
3494,2018,,30
3504,2015,,31.1
3505,2016,,32
3506,2017,,29.4
3507,2018,,28.4
3517,2015,,30.2
3518,2016,,30.6
3519,2017,,29.9
3520,2018,,29.2
3530,2015,,29.8
3531,2016,,30.8
3532,2017,,32.4
3533,2018,,30.4
3543,2015,,32.2
3544,2016,,31.7
3545,2017,,31
3546,2018,,29.2
3556,2015,,32.6
3557,2016,,31
3558,2017,,30
3559,2018,,29.3
3569,2015,,31
3570,2016,,29.7
3571,2017,,29.4
3572,2018,,29.4
3582,2015,,28.9
3583,2016,,28.5
3584,2017,,27.4
3585,2018,,26.3
3595,2015,,30.1
3596,2016,,30
3597,2017,,27.6
3598,2018,,27.2
3608,2015,,34.2
3609,2016,,34.1
3610,2017,,31.6
3611,2018,,31.7
3621,2015,,32.3
3622,2016,,32.8
3623,2017,,31.5
3624,2018,,32.7
3634,2015,,31.6
3635,2016,,31.9
3636,2017,,30.8
3637,2018,,30.1
3647,2015,,31.3
3648,2016,,29.6
3649,2017,,29.1
3650,2018,,28.3
3660,2015,,29.6
3661,2016,,29.5
3662,2017,,28.9
3663,2018,,27
3673,2015,,30.3
3674,2016,,30.9
3675,2017,,29.8
3676,2018,,29.3
3686,2015,,31.8
3687,2016,,31.7
3688,2017,,30.2
3689,2018,,29.6
3699,2015,,29.2
3700,2016,,28.1
3701,2017,,28.4
3702,2018,,27.7
3712,2015,,32
3713,2016,,29.4
3714,2017,,26.7
3715,2018,,27.2
3725,2015,,34.6
3726,2016,,35.9
3727,2017,,33.4
3728,2018,,32.9
3738,2015,,28.6
3739,2016,,30.3
3740,2017,,28.3
3741,2018,,28.9
3751,2015,,29.7
3752,2016,,30.4
3753,2017,,29.4
3754,2018,,28.6
3764,2015,,35.9
3765,2016,,35.3
3766,2017,,36
3767,2018,,34.7
3777,2015,,34.9
3778,2016,,33.8
3779,2017,,34.1
3780,2018,,31.8
3790,2015,,35
3791,2016,,36.4
3792,2017,,37.8
3793,2018,,34.7
3803,2015,,38.2
3804,2016,,37.8
3805,2017,,36.6
3806,2018,,36.2
3816,2015,,37.1
3817,2016,,36.7
3818,2017,,34.2
3819,2018,,33.8
3829,2015,,35.9
3830,2016,,36.7
3831,2017,,35.7
3832,2018,,34.5
3842,2015,,34.1
3843,2016,,34.6
3844,2017,,34.6
3845,2018,,33.5
3855,2015,,35
3856,2016,,34.7
3857,2017,,32.8
3858,2018,,33.2
3868,2015,,34.3
3869,2016,,34.8
3870,2017,,33.7
3871,2018,,33.2
3881,2015,,33.8
3882,2016,,34.5
3883,2017,,32.7
3884,2018,,32.8
3894,2015,,33.7
3895,2016,,34.4
3896,2017,,33.3
3897,2018,,32.8
3907,2015,,33.7
3908,2016,,33.4
3909,2017,,32.1
3910,2018,,32.7
3920,2015,,36
3921,2016,,36.2
3922,2017,,35
3923,2018,,35.4
3933,2015,,28
3934,2016,,27.4
3935,2017,,26.1
3936,2018,,25.5
3946,2015,,34
3947,2016,,32.7
3948,2017,,32
3949,2018,,33
3959,2015,,30.8
3960,2016,,31.5
3961,2017,,31.5
3962,2018,,32.9
3972,2015,,29.9
3973,2016,,30.2
3974,2017,,29.8
3975,2018,,28.1
3985,2015,,29.1
3986,2016,,28.5
3987,2017,,27.9
3988,2018,,25.8
3998,2015,,33.2
3999,2016,,32.8
4000,2017,,32.9
4001,2018,,32.6
4011,2015,,33.2
4012,2016,,32.2
4013,2017,,32.6
4014,2018,,31.6
4024,2015,,36
4025,2016,,36
4026,2017,,33.2
4027,2018,,33
4037,2015,,38.9
4038,2016,,37.2
4039,2017,,37.2
4040,2018,,36.4
4050,2015,,35.7
4051,2016,,34.9
4052,2017,,34.3
4053,2018,,33.3
4063,2015,,27.3
4064,2016,,27.4
4065,2017,,26.6
4066,2018,,26.6
4076,2015,,30.4
4077,2016,,30.6
4078,2017,,29.8
4079,2018,,27.8
4089,2015,,32.7
4090,2016,,32.5
4091,2017,,30.9
4092,2018,,28.9
4102,2015,,31.8
4103,2016,,30.7
4104,2017,,30.5
4105,2018,,29.5
4115,2015,,34.5
4116,2016,,33.3
4117,2017,,32.8
4118,2018,,33.6
4128,2015,,33
4129,2016,,31.6
4130,2017,,30
4131,2018,,30.7
4141,2015,,32.2
4142,2016,,33.7
4143,2017,,33.7
4144,2018,,30.7
4154,2015,,31.3
4155,2016,,29.8
4156,2017,,28.8
4157,2018,,28.4
4167,2015,,30.3
4168,2016,,28.4
4169,2017,,28.5
4170,2018,,27.4
4180,2015,,31.5
4181,2016,,31.6
4182,2017,,29.8
4183,2018,,31.3
4193,2015,,33
4194,2016,,32.5
4195,2017,,32.5
4196,2018,,32.5
4206,2015,,31.8
4207,2016,,31.9
4208,2017,,30.7
4209,2018,,30
4219,2015,,29.9
4220,2016,,30.3
4221,2017,,29.6
4222,2018,,29.4
4232,2015,,37.1
4233,2016,,37.1
4234,2017,,36.6
4235,2018,,35.9
4245,2015,,30.7
4246,2016,,27.3
4247,2017,,26.8
4248,2018,,27
4258,2015,,39.3
4259,2016,,39.5
4260,2017,,36.6
4261,2018,,37.1
4271,2015,,35.4
4272,2016,,35.3
4273,2017,,34.5
4274,2018,,33.7
4284,2015,,39.5
4285,2016,,38.8
4286,2017,,37.4
4287,2018,,35.8
4297,2015,,34.3
4298,2016,,33.3
4299,2017,,33.2
4300,2018,,32.2
4310,2015,,35.6
4311,2016,,35.4
4312,2017,,33.7
4313,2018,,33.9
4323,2015,,38.6
4324,2016,,38.8
4325,2017,,37.9
4326,2018,,37.2
4336,2015,,36.5
4337,2016,,36.8
4338,2017,,35.3
4339,2018,,35.2
4349,2015,,33.2
4350,2016,,34.1
4351,2017,,31.8
4352,2018,,31.9
4362,2015,,34
4363,2016,,35.3
4364,2017,,33.2
4365,2018,,32.5
4375,2015,,35.6
4376,2016,,34.7
4377,2017,,33.8
4378,2018,,32.8
4388,2015,,34.5
4389,2016,,33.3
4390,2017,,32.4
4391,2018,,32
4401,2015,,38
4402,2016,,36
4403,2017,,34.5
4404,2018,,34.6
4414,2015,,40.8
4415,2016,,39.2
4416,2017,,37.2
4417,2018,,36.6
4427,2015,,35.3
4428,2016,,35.1
4429,2017,,35.6
4430,2018,,34.3
4440,2015,,37.4
4441,2016,,36.9
4442,2017,,37.3
4443,2018,,35.6
4453,2015,,35.5
4454,2016,,35.1
4455,2017,,35
4456,2018,,34.5
4466,2015,,31.1
4467,2016,,32
4468,2017,,30
4469,2018,,30
4479,2015,,33.3
4480,2016,,33.6
4481,2017,,33.1
4482,2018,,33.4
4492,2015,,37.3
4493,2016,,36.5
4494,2017,,35.8
4495,2018,,33.8
4505,2015,,37.8
4506,2016,,36.7
4507,2017,,34
4508,2018,,33.6
4518,2015,,33
4519,2016,,34
4520,2017,,33.1
4521,2018,,32.5
4531,2015,,32.7
4532,2016,,32.3
4533,2017,,31
4534,2018,,31
4544,2015,,31.8
4545,2016,,31.7
4546,2017,,30.2
4547,2018,,30.7
4557,2015,,29
4558,2016,,28.8
4559,2017,,27.8
4560,2018,,28.3
4570,2015,,30.9
4571,2016,,30
4572,2017,,27.9
4573,2018,,28.5
4583,2015,,29.3
4584,2016,,28.8
4585,2017,,28.9
4586,2018,,28.8
4596,2015,,32.7
4597,2016,,31.7
4598,2017,,30.9
4599,2018,,30.1
4609,2015,,29
4610,2016,,28.1
4611,2017,,27.9
4612,2018,,27.3
4622,2015,,33.8
4623,2016,,34.2
4624,2017,,33.7
4625,2018,,33.5
4635,2015,,31.7
4636,2016,,32.1
4637,2017,,29.9
4638,2018,,30
4648,2015,,32.8
4649,2016,,33.4
4650,2017,,33.1
4651,2018,,31.8
4661,2015,,37
4662,2016,,37.3
4663,2017,,36.5
4664,2018,,34.9
4674,2015,,34.6
4675,2016,,34.9
4676,2017,,34
4677,2018,,32.4
4687,2015,,34.8
4688,2016,,36
4689,2017,,35.4
4690,2018,,36.9
4700,2015,,37.6
4701,2016,,37.7
4702,2017,,38.1
4703,2018,,36.5
4713,2015,,35.5
4714,2016,,33.9
4715,2017,,34.7
4716,2018,,34.3
4726,2015,,32.7
4727,2016,,32.3
4728,2017,,31.3
4729,2018,,31.3
4739,2015,,35.2
4740,2016,,34.9
4741,2017,,34.3
4742,2018,,33.8
4752,2015,,39.6
4753,2016,,39.4
4754,2017,,42.3
4755,2018,,39.7
4765,2015,,31.9
4766,2016,,30.4
4767,2017,,29.4
4768,2018,,29.3
4778,2015,,34.1
4779,2016,,34
4780,2017,,32.4
4781,2018,,32.4
4791,2015,,36.7
4792,2016,,34.6
4793,2017,,36.4
4794,2018,,35.8
4804,2015,,36.1
4805,2016,,37.7
4806,2017,,37.2
4807,2018,,33.7
4817,2015,,30.7
4818,2016,,30.8
4819,2017,,29
4820,2018,,30.3
4830,2015,,28.8
4831,2016,,28.1
4832,2017,,27.6
4833,2018,,25.6
4843,2015,,28.5
4844,2016,,28.7
4845,2017,,26.8
4846,2018,,26.3
4856,2015,,31.1
4857,2016,,29.6
4858,2017,,29.2
4859,2018,,28.3
4869,2015,,28.2
4870,2016,,27.8
4871,2017,,27
4872,2018,,27.8
4882,2015,,30.8
4883,2016,,32
4884,2017,,31.2
4885,2018,,29.9
4895,2015,,36.2
4896,2016,,36.1
4897,2017,,34.7
4898,2018,,34.2
4908,2015,,35.8
4909,2016,,34.1
4910,2017,,34.7
4911,2018,,34.4
4921,2015,,37.1
4922,2016,,37.4
4923,2017,,35.3
4924,2018,,36.4
4934,2015,,42.9
4935,2016,,41.6
4936,2017,,39.6
4937,2018,,39.4
4947,2015,,33.2
4948,2016,,33.6
4949,2017,,33.7
4950,2018,,33.2
4960,2015,,32.8
4961,2016,,31.7
4962,2017,,31.1
4963,2018,,32.8
4973,2015,,33.4
4974,2016,,32.8
4975,2017,,32.9
4976,2018,,31.1
4986,2015,,33.1
4987,2016,,31.9
4988,2017,,30.6
4989,2018,,37.2
4999,2015,,35.9
5000,2016,,34.9
5001,2017,,33.8
5002,2018,,33.6
5012,2015,,41.4
5013,2016,,40.8
5014,2017,,39.8
5025,2015,,37.5
5026,2016,,38.3
5027,2017,,36.6
5028,2018,,35.6
5038,2015,,30.9
5039,2016,,32.1
5040,2017,,29.4
5041,2018,,29.3
5051,2015,,40.6
5052,2016,,41.4
5053,2017,,41.1
5054,2018,,40.2
5064,2015,,35.7
5065,2016,,36.2
5066,2017,,34.1
5067,2018,,33
5077,2015,,38.3
5078,2016,,34.9
5079,2017,,35.1
5080,2018,,32.9
5090,2015,,36.9
5091,2016,,36.2
5092,2017,,36.3
5093,2018,,34.7
5103,2015,,38
5104,2016,,35.8
5105,2017,,36.1
5106,2018,,34.7
5116,2015,,41.4
5117,2016,,41.2
5118,2017,,41.2
5119,2018,,38.7
5130,2016,,46.7
5131,2017,,45.2
5132,2018,,45.3
5142,2015,,45.3
5143,2016,,42.1
5144,2017,,40.5
5145,2018,,41
5155,2015,,35.4
5156,2016,,34.8
5157,2017,,32.3
5158,2018,,31.6
5168,2015,,34.8
5169,2016,,40.5
5170,2017,,35
5181,2015,,33.6
5182,2016,,33.3
5183,2017,,33.8
5184,2018,,33
5194,2015,,38.9
5195,2016,,37.5
5196,2017,,34.6
5197,2018,,34.5
5207,2015,,35.4
5208,2016,,34.2
5209,2017,,32.4
5210,2018,,31.8
5220,2015,,36.4
5221,2016,,36.2
5222,2017,,34
5223,2018,,31.6
5233,2015,,45.3
5234,2016,,43.6
5235,2017,,43.2
5236,2018,,42.8
5246,2015,,31.9
5247,2016,,31.8
5248,2017,,30.8
5249,2018,,29.1
5259,2015,,30.5
5260,2016,,31.6
5261,2017,,30.6
5262,2018,,29.2
5272,2015,,36.2
5273,2016,,33.5
5274,2017,,33.3
5275,2018,,33.8
5285,2015,,34.6
5286,2016,,33
5287,2017,,33.6
5288,2018,,32.6
5298,2015,,35.3
5299,2016,,33.6
5300,2017,,35
5301,2018,,34.1
5311,2015,,40.1
5312,2016,,38.9
5313,2017,,39.7
5314,2018,,38.2
5324,2015,,35.3
5325,2016,,34.4
5326,2017,,34.7
5327,2018,,31.8
5337,2015,,31.7
5338,2016,,30.6
5339,2017,,32.5
5340,2018,,30
5350,2015,,33.3
5351,2016,,33.5
5352,2017,,32
5353,2018,,31.5
5363,2015,,39.5
5364,2016,,37.8
5365,2017,,35.1
5366,2018,,37.9
5376,2015,,43.4
5377,2016,,41.5
5378,2017,,41.1
5379,2018,,38.5
5389,2015,,37
5390,2016,,38.2
5391,2017,,37.2
5392,2018,,36.4
5402,2015,,36.6
5403,2016,,37.8
5404,2017,,38
5405,2018,,35.4
5415,2015,,38.2
5416,2016,,38.6
5417,2017,,37.9
5418,2018,,37
5428,2015,,35
5429,2016,,34.2
5430,2017,,34.3
5431,2018,,32.9
5441,2015,,31.5
5442,2016,,31.1
5443,2017,,31.2
5444,2018,,28
5454,2015,,34.1
5455,2016,,32.7
5456,2017,,30.8
5457,2018,,29.5
5467,2015,,30.9
5468,2016,,29.8
5469,2017,,29.6
5470,2018,,30.4
5480,2015,,30.6
5481,2016,,30.5
5482,2017,,28.2
5483,2018,,27.5
5493,2015,,32.8
5494,2016,,31.4
5495,2017,,31.6
5496,2018,,30
5506,2015,,34.6
5507,2016,,34.1
5508,2017,,32
5509,2018,,31
5519,2015,,35.8
5520,2016,,35.2
5521,2017,,34.7
5522,2018,,34.6
5532,2015,,36.6
5533,2016,,36.3
5534,2017,,33.3
5535,2018,,33.6
5545,2015,,34.8
5546,2016,,35.1
5547,2017,,34.5
5548,2018,,32.7
5558,2015,,35.1
5559,2016,,34.9
5560,2017,,35.9
5561,2018,,33.5
5571,2015,,33.2
5572,2016,,33.2
5573,2017,,32.5
5574,2018,,31.8
5584,2015,,29.7
5585,2016,,31.5
5586,2017,,30.1
5587,2018,,29.9
5597,2015,,31.8
5598,2016,,30.8
5599,2017,,30.5
5600,2018,,31.2
5610,2015,,37.1
5611,2016,,37
5612,2017,,34.6
5613,2018,,34.9
5623,2015,,33.8
5624,2016,,33.6
5625,2017,,33.8
5626,2018,,32.6
5636,2015,,36.6
5637,2016,,34.3
5638,2017,,32.6
5639,2018,,32.6
5649,2015,,38.1
5650,2016,,37.5
5651,2017,,36.4
5652,2018,,35
5662,2015,,40.2
5663,2016,,38.1
5664,2017,,36.4
5665,2018,,34.8
5675,2015,,31.5
5676,2016,,32.2
5677,2017,,30.5
5678,2018,,30.8
5688,2015,,37.6
5689,2016,,37.1
5690,2017,,35.3
5691,2018,,35.4
5701,2015,,35.9
5702,2016,,36.7
5703,2017,,36.1
5704,2018,,36.5
5714,2015,,31.1
5715,2016,,29.9
5716,2017,,29
5717,2018,,29.5
5727,2015,,36.5
5728,2016,,35
5729,2017,,34
5730,2018,,34
5740,2015,,31
5741,2016,,32.1
5742,2017,,31.9
5743,2018,,30.2
5753,2015,,35.9
5754,2016,,34.5
5755,2017,,33.4
5756,2018,,33.9
5766,2015,,32.7
5767,2016,,32.5
5768,2017,,31.2
5769,2018,,30.1
5779,2015,,30.6
5780,2016,,29.9
5781,2017,,28.7
5782,2018,,28.5
5792,2015,,35
5793,2016,,32.9
5794,2017,,31.5
5795,2018,,32.8
5805,2015,,34
5806,2016,,33.6
5807,2017,,32
5808,2018,,31.1
5818,2015,,35.9
5819,2016,,34
5820,2017,,34.4
5821,2018,,35.4
5831,2015,,33.3
5832,2016,,32.3
5833,2017,,31.2
5834,2018,,32.1
5844,2015,,35.4
5845,2016,,35.2
5846,2017,,35.9
5847,2018,,32.9
5857,2015,,35.9
5858,2016,,35.5
5859,2017,,35.2
5860,2018,,32.7
5870,2015,,31.5
5871,2016,,31.7
5872,2017,,30
5873,2018,,29.5
5883,2015,,38.2
5884,2016,,39.5
5885,2017,,38.6
5886,2018,,36.6
5896,2015,,35.5
5897,2016,,35.5
5898,2017,,34.9
5899,2018,,33.7
5909,2015,,34.5
5910,2016,,34.2
5911,2017,,34.6
5912,2018,,35
5922,2015,,36.6
5923,2016,,34.9
5924,2017,,35.1
5925,2018,,35.7
5935,2015,,30.5
5936,2016,,28.8
5937,2017,,27.5
5938,2018,,26.7
5948,2015,,31.8
5949,2016,,30.7
5950,2017,,30.8
5951,2018,,30.3
5961,2015,,30.6
5962,2016,,31.1
5963,2017,,31
5964,2018,,30.1
5974,2015,,35.2
5975,2016,,36
5976,2017,,35.5
5977,2018,,33.2
5987,2015,,36.2
5988,2016,,36.8
5989,2017,,34.7
5990,2018,,34.8
6000,2015,,31.5
6001,2016,,31.8
6002,2017,,30.8
6003,2018,,28.6
6013,2015,,33.8
6014,2016,,34
6015,2017,,33.1
6016,2018,,32.6
6026,2015,,35.9
6027,2016,,35.8
6028,2017,,35.3
6029,2018,,33.7
6039,2015,,33
6040,2016,,32.1
6041,2017,,32
6042,2018,,30.7
6052,2015,,35.5
6053,2016,,33.7
6054,2017,,33.7
6055,2018,,32.1
6065,2015,,33.5
6066,2016,,33.1
6067,2017,,33.1
6068,2018,,32.2
6078,2015,,30.7
6079,2016,,29.6
6080,2017,,28.3
6081,2018,,28.8
6091,2015,,29.3
6092,2016,,28.3
6093,2017,,28.1
6094,2018,,29.2
6104,2015,,34.5
6105,2016,,33.8
6106,2017,,33.9
6107,2018,,35
6117,2015,,32
6118,2016,,31.2
6119,2017,,30.6
6120,2018,,30.3
6130,2015,,33.9
6131,2016,,33.2
6132,2017,,33
6133,2018,,33.6
6143,2015,,33.7
6144,2016,,32.9
6145,2017,,33.7
6146,2018,,33.8
6156,2015,,32.6
6157,2016,,33.3
6158,2017,,32.9
6159,2018,,31.9
6169,2015,,30.5
6170,2016,,30.7
6171,2017,,29
6172,2018,,28.9
6182,2015,,36
6183,2016,,36.9
6184,2017,,33.3
6185,2018,,32.7
6195,2015,,35.3
6196,2016,,33.4
6197,2017,,32.1
6198,2018,,31.3
6208,2015,,37.1
6209,2016,,37.8
6210,2017,,35.7
6211,2018,,34.7
6221,2015,,35.6
6222,2016,,36.4
6223,2017,,34.7
6224,2018,,34.9
6234,2015,,32.6
6235,2016,,33.6
6236,2017,,33.5
6237,2018,,33.7
6247,2015,,44.8
6248,2016,,44.7
6249,2017,,42.3
6250,2018,,41.1
6260,2015,,34.5
6261,2016,,35.5
6262,2017,,34.9
6263,2018,,35.7
6273,2015,,31.5
6274,2016,,33.2
6275,2017,,32
6276,2018,,31.5
6286,2015,,28.6
6287,2016,,28.3
6288,2017,,30.8
6289,2018,,28.7
6299,2015,,36.5
6300,2016,,34.7
6301,2017,,33.5
6302,2018,,34
6312,2015,,31.2
6313,2016,,32
6314,2017,,29.4
6315,2018,,31.4
6325,2015,,35.5
6326,2016,,34
6327,2017,,32.8
6328,2018,,29.7
6338,2015,,35.7
6339,2016,,35.3
6340,2017,,34.3
6341,2018,,33.1
6351,2015,,33.5
6352,2016,,34
6353,2017,,33.1
6354,2018,,33.8
6364,2015,,32.4
6365,2016,,32.2
6366,2017,,30.9
6367,2018,,30.3
6377,2015,,33.7
6378,2016,,32.5
6379,2017,,31.8
6380,2018,,31.7
6390,2015,,31
6391,2016,,31.4
6392,2017,,31.7
6393,2018,,31.1
6403,2015,,29.3
6404,2016,,30
6405,2017,,29.6
6406,2018,,27.7
6416,2015,,28.4
6417,2016,,29.9
6418,2017,,29.2
6419,2018,,29.6
6429,2015,,34.4
6430,2016,,32.5
6431,2017,,32.4
6432,2018,,30.6
6442,2015,,35.5
6443,2016,,36
6444,2017,,35.2
6445,2018,,34.2
6455,2015,,36.2
6456,2016,,37.1
6457,2017,,35.6
6458,2018,,36.6
6468,2015,,30.6
6469,2016,,31.7
6470,2017,,32.6
6471,2018,,31.8
6481,2015,,36.4
6482,2016,,36
6483,2017,,36.2
6484,2018,,32.4
6494,2015,,32.8
6495,2016,,32.9
6496,2017,,31.6
6497,2018,,31.7
6507,2015,,34.9
6508,2016,,34
6509,2017,,33.5
6510,2018,,32.5
6520,2015,,33.9
6521,2016,,35.8
6522,2017,,33
6523,2018,,32.5
6533,2015,,33.9
6534,2016,,31.8
6535,2017,,32.1
6536,2018,,32.2
6546,2015,,37.3
6547,2016,,36.5
6548,2017,,36.9
6549,2018,,35.2
6559,2015,,41
6560,2016,,40.5
6561,2017,,40.3
6562,2018,,38.6
6572,2015,,37.2
6573,2016,,35.8
6574,2017,,34.3
6575,2018,,33.9
6585,2015,,32.2
6586,2016,,32.1
6587,2017,,32.5
6588,2018,,30.6
6598,2015,,35
6599,2016,,35.8
6600,2017,,34.5
6601,2018,,33.8
6611,2015,,36.4
6612,2016,,36
6613,2017,,35.4
6614,2018,,33.6
6624,2015,,30.2
6625,2016,,30.7
6626,2017,,30.2
6627,2018,,29.7
6637,2015,,30.4
6638,2016,,29.2
6639,2017,,28.7
6640,2018,,27.5
6650,2015,,34
6651,2016,,33.5
6652,2017,,32.2
6653,2018,,32.8
6663,2015,,33.6
6664,2016,,33.7
6665,2017,,31.5
6666,2018,,32.1
6676,2015,,28.5
6677,2016,,27.8
6678,2017,,28.4
6679,2018,,26.5
6689,2015,,33.3
6690,2016,,32.2
6691,2017,,30.5
6692,2018,,29.7
6702,2015,,33
6703,2016,,32
6704,2017,,31
6705,2018,,28.4
6715,2015,,36.2
6716,2016,,35.8
6717,2017,,35.2
6718,2018,,35.5
6728,2015,,34.1
6729,2016,,35.5
6730,2017,,34.9
6731,2018,,33.3
6741,2015,,32.1
6742,2016,,31.3
6743,2017,,31.1
6744,2018,,31
6754,2015,,33.8
6755,2016,,32.7
6756,2017,,32.7
6757,2018,,31.8
6767,2015,,37.8
6768,2016,,36.4
6769,2017,,35.2
6770,2018,,34.4
6780,2015,,35.4
6781,2016,,34.9
6782,2017,,33.5
6783,2018,,33.2
6793,2015,,31.6
6794,2016,,36.4
6795,2017,,31.3
6796,2018,,32.1
6806,2015,,36.2
6807,2016,,35
6808,2017,,34.5
6809,2018,,33.9
6819,2015,,36.3
6820,2016,,34.7
6821,2017,,34
6822,2018,,33.3
6832,2015,,33.7
6833,2016,,33.8
6834,2017,,32.5
6835,2018,,33.2
6845,2015,,38.4
6846,2016,,34.9
6847,2017,,35.5
6848,2018,,34.3
6858,2015,,31.5
6859,2016,,31.7
6860,2017,,31.7
6861,2018,,31.1
6871,2015,,36.3
6872,2016,,37.3
6873,2017,,34.3
6874,2018,,34.2
6884,2015,,34.2
6885,2016,,32.5
6886,2017,,31.6
6887,2018,,31.6
6897,2015,,35
6898,2016,,35.3
6899,2017,,33.3
6900,2018,,31.9
6910,2015,,35.3
6911,2016,,34.3
6912,2017,,31.8
6913,2018,,33
6923,2015,,27.5
6924,2016,,29.3
6925,2017,,27.4
6926,2018,,26.5
6936,2015,,31.2
6937,2016,,33.4
6938,2017,,30.5
6939,2018,,27.6
6949,2015,,34.2
6950,2016,,34.9
6951,2017,,33
6952,2018,,30.5
6962,2015,,33.9
6963,2016,,33.8
6964,2017,,32.8
6965,2018,,32.2
6975,2015,,37
6976,2016,,36.9
6977,2017,,35.7
6978,2018,,34.2
6988,2015,,32.2
6989,2016,,32.7
6990,2017,,30.7
6991,2018,,29.7
7001,2015,,33.7
7002,2016,,32.3
7003,2017,,30.5
7004,2018,,29.4
7014,2015,,35.3
7015,2016,,35.4
7016,2017,,34.6
7017,2018,,33.6
7027,2015,,35.9
7028,2016,,37.2
7029,2017,,34.8
7030,2018,,34.6
7040,2015,,35.7
7041,2016,,36.9
7042,2017,,37.1
7043,2018,,36.9
7053,2015,,27.5
7054,2016,,27.1
7055,2017,,25.8
7056,2018,,26
7066,2015,,32.8
7067,2016,,30.4
7068,2017,,29.5
7069,2018,,29.6
7079,2015,,30.9
7080,2016,,30.2
7081,2017,,29.8
7082,2018,,28.6
7092,2015,,31
7093,2016,,30.4
7094,2017,,30
7095,2018,,30.4
7105,2015,,36.9
7106,2016,,36.2
7107,2017,,32.4
7108,2018,,33.6
7118,2015,,35.9
7119,2016,,34.7
7120,2017,,33.5
7121,2018,,33.6
7131,2015,,30.1
7132,2016,,28.7
7133,2017,,27.7
7134,2018,,27.5
7144,2015,,28.9
7145,2016,,28.4
7146,2017,,27
7147,2018,,26.9
7157,2015,,33.1
7158,2016,,32.3
7159,2017,,30.5
7160,2018,,31.7
7170,2015,,30
7171,2016,,29.7
7172,2017,,29.8
7173,2018,,29.3
7183,2015,,29.2
7184,2016,,29.3
7185,2017,,27.8
7186,2018,,26.7
7196,2015,,30.5
7197,2016,,30
7198,2017,,29.3
7199,2018,,27.5
7209,2015,,30
7210,2016,,30.3
7211,2017,,28.6
7212,2018,,28.3
7222,2015,,33
7223,2016,,32.6
7224,2017,,32
7225,2018,,32.4
7235,2015,,34.5
7236,2016,,33.3
7237,2017,,33
7238,2018,,33.3
7248,2015,,34.2
7249,2016,,33.3
7250,2017,,32.3
7251,2018,,32.3
7261,2015,,32.3
7262,2016,,32
7263,2017,,30.5
7264,2018,,31.3
7274,2015,,33.1
7275,2016,,35
7276,2017,,34.2
7277,2018,,32.5
7287,2015,,33.7
7288,2016,,35.4
7289,2017,,35
7290,2018,,35.3
7300,2015,,36.7
7301,2016,,35.8
7302,2017,,34.7
7303,2018,,34.7
7313,2015,,35.8
7314,2016,,36.7
7315,2017,,34.9
7316,2018,,35
7326,2015,,34.1
7327,2016,,33.8
7328,2017,,34.1
7329,2018,,32.7
7339,2015,,33
7340,2016,,31.7
7341,2017,,31.6
7342,2018,,31.6
7352,2015,,35.9
7353,2016,,35.9
7354,2017,,34.5
7355,2018,,33.6
7365,2015,,34.6
7366,2016,,34.5
7367,2017,,36
7368,2018,,35.2
7378,2015,,28.4
7379,2016,,28.7
7380,2017,,27.1
7381,2018,,26.2
7391,2015,,26.6
7392,2016,,27
7393,2017,,25.5
7394,2018,,25.7
7404,2015,,30.5
7405,2016,,30.6
7406,2017,,30.2
7407,2018,,29.6
7417,2015,,30.3
7418,2016,,29.9
7419,2017,,29.6
7420,2018,,28.2
7430,2015,,31.2
7431,2016,,30.3
7432,2017,,29.7
7433,2018,,28.1
7443,2015,,33.7
7444,2016,,33.6
7445,2017,,32
7446,2018,,31.7
7456,2015,,35.4
7457,2016,,34.1
7458,2017,,32.5
7459,2018,,31.6
7469,2015,,33.5
7470,2016,,31.8
7471,2017,,32.2
7472,2018,,29.1
7482,2015,,31.6
7483,2016,,32.1
7484,2017,,32.1
7485,2018,,31.7
7495,2015,,32.1
7496,2016,,31.3
7497,2017,,31.2
7498,2018,,30.5
7508,2015,,30.7
7509,2016,,30.3
7510,2017,,28.3
7511,2018,,27.2
7521,2015,,27.9
7522,2016,,29.1
7523,2017,,27.7
7524,2018,,27
7534,2015,,30.8
7535,2016,,30.3
7536,2017,,29.9
7537,2018,,28.1
7547,2015,,35.8
7548,2016,,32.5
7549,2017,,30.4
7550,2018,,30.3
7560,2015,,30.5
7561,2016,,30.4
7562,2017,,30.3
7563,2018,,29.1
7573,2015,,28.1
7574,2016,,27.3
7575,2017,,26.5
7576,2018,,26.1
7586,2015,,31.3
7587,2016,,29.3
7588,2017,,28.8
7589,2018,,28.5
7599,2015,,38.1
7600,2016,,38.4
7601,2017,,37
7602,2018,,36.4
7612,2015,,28.2
7613,2016,,26.6
7614,2017,,26.2
7615,2018,,25.1
7625,2015,,30.2
7626,2016,,29.4
7627,2017,,29.7
7628,2018,,27.9
7638,2015,,36
7639,2016,,37.2
7640,2017,,34.1
7641,2018,,35.2
7651,2015,,32.6
7652,2016,,32.1
7653,2017,,29.6
7654,2018,,30.2
7664,2015,,36.9
7665,2016,,37.1
7666,2017,,35.6
7667,2018,,34.8
7677,2015,,32.2
7678,2016,,31.9
7679,2017,,31.4
7680,2018,,31.5
7690,2015,,28.6
7691,2016,,28.2
7692,2017,,26.2
7693,2018,,26.6
7703,2015,,33.3
7704,2016,,31.2
7705,2017,,30
7706,2018,,28.5
7716,2015,,36
7717,2016,,36
7718,2017,,35
7719,2018,,33.4
7729,2015,,39.1
7730,2016,,37.7
7731,2017,,36.5
7732,2018,,35.2
7742,2015,,37.3
7743,2016,,36.5
7744,2017,,35.8
7745,2018,,34.9
7755,2015,,34.4
7756,2016,,33.9
7757,2017,,33.2
7758,2018,,33.3
7768,2015,,33.8
7769,2016,,33.6
7770,2017,,32.3
7771,2018,,31.7
7781,2015,,34.3
7782,2016,,32.8
7783,2017,,31.5
7784,2018,,33.1
7794,2015,,33.8
7795,2016,,33.5
7796,2017,,31.9
7797,2018,,30.9
7807,2015,,33.2
7808,2016,,33.2
7809,2017,,30.3
7810,2018,,30.7
7820,2015,,28.7
7821,2016,,28.2
7822,2017,,29.1
7823,2018,,28.2
7833,2015,,32.2
7834,2016,,35.5
7835,2017,,33.4
7836,2018,,31.9
7846,2015,,32.1
7847,2016,,30.5
7848,2017,,29.7
7849,2018,,29.2
7859,2015,,34.4
7860,2016,,34.5
7861,2017,,33.6
7862,2018,,30.4
7872,2015,,32.2
7873,2016,,31.7
7874,2017,,31
7875,2018,,30.1
7885,2015,,31.8
7886,2016,,32.4
7887,2017,,31
7888,2018,,29.3
7898,2015,,32.2
7899,2016,,31.3
7900,2017,,30.5
7901,2018,,29
7911,2015,,37.4
7912,2016,,37.1
7913,2017,,36.3
7914,2018,,34.7
7924,2015,,25.3
7925,2016,,24.4
7926,2017,,23.9
7927,2018,,24.2
7937,2015,,40.4
7938,2016,,41.1
7939,2017,,38.9
7940,2018,,38.7
7950,2015,,35.4
7951,2016,,35
7952,2017,,34.5
7953,2018,,34.1
7963,2015,,31.5
7964,2016,,31.9
7965,2017,,30.6
7966,2018,,30.7
7976,2015,,31.8
7977,2016,,30.7
7978,2017,,28.1
7979,2018,,27.4
7989,2015,,32.4
7990,2016,,31.2
7991,2017,,29.7
7992,2018,,29
8002,2015,,39.3
8003,2016,,39.9
8004,2017,,38
8005,2018,,35.2
